pearson_corr,log_corr,data_count
0.30936751640412347,0.13484161355583757,250
