pearson_corr,log_corr,data_count
0.3093718734279873,0.13485444139388086,250
